-74.035939,40.992566,Trader Joe's; #602,20 Irvington St Westwood NJ 07675 USA 201-263-0134
-74.071827,40.948305,Trader Joe's; #605,404 Route 17 North Paramus NJ 07652 USA 201-265-9624
-74.029863,40.753371,Trader Joe's; #611,1350 Willow Ave Hoboken NJ 07030 USA 201-714-4790
-73.977707,40.819816,Trader Joe's; #606,715 River Rd Edgewater NJ 07020 USA 201-945-5932
-77.053099,38.903933,Trader Joe's; #653,1101 25th Street NW Washington DC 20037 USA 202-296-1921
-76.995337,38.884506,Trader Joe's; #622,750 Pennsylvania Ave SE Washington DC 20003 USA 202-698-0190
-77.03194,38.916054,Trader Joe's; #662,1914 14th St NW Washington DC 20009 USA 202-986-1591
-73.351945,41.140092,Trader Joe's; #521,400 Post Road East Westport CT 06880 USA 203-226-8966
-73.548218,41.106053,Trader Joe's; #529,1041 High Ridge Rd Stamford CT 06905 USA 203-32`-8440
-73.253686,41.182521,Trader Joe's; #523,2258 Black Rock Turnpike Fairfield CT 06825 USA 203-330-8301
-73.461818,41.085152,Trader Joe's; #522,436 Boston Post Rd Darien CT 06820 USA 203-656-1414
-73.520009,41.392413,Trader Joe's; #525,113 Mill Plain Rd Danbury CT 06811 USA 203-739-0098
-73.019133,41.252338,Trader Joe's; #524,560 Boston Post Rd Orange CT 06477 USA 203-795-5505
-86.731256,33.447226,Trader Joe's; #737,205 Summit Blvd Birmingham AL 35234 USA 205-969-7801
-122.356957,47.636251,Trader Joe's; #135,1916 Queen Anne Ave N Seattle WA 98109 USA 206-284-2546
-122.310114,47.615785,Trader Joe's; #130,1700 Madison St Seattle WA 98122 USA 206-322-7268
-122.317703,47.662281,Trader Joe's; #137,4555 Roosevelt Way N.E. Seattle WA 98105 USA 206-547-6299
-122.373844,47.662345,Trader Joe's; #147,4609 14th Ave NW Seattle WA 98107 USA 206-783-0498
-122.18555,47.614071,Trader Joe's; #162,416 116th Ave NE Bellevue WA 98004 USA 206-783-0498
-122.333696,47.460354,Trader Joe's; #133,15868 1st. Avenue South Burien WA 98148 USA 206-901-9339
-122.373438,47.56772,Trader Joe's; #157,4545 Fauntleroy Way SW Seattle WA 98126 USA 206-913-0013
-70.265319,43.661946,Trader Joe's; #519,87 Marginal Way Portland ME 04101 USA 207-699-3799
-116.20356,43.612812,Trader Joe's; #360,300 S Capitol Blvd Boise ID 83702 USA 208-336-7282
-121.320265,38.009479,Trader Joe's; #076,6535 Pacific Ave Stockton CA 95207 USA 209-951-7597
-98.49939,29.609556,Trader Joe's; #455,403 North Loop 1604 West San Antonio TX 78232 USA 210-545-3123
-98.478235,29.496902,Trader Joe's; #451,350 E Basse Rd San Antonio TX 78209 USA 210-826-1110
-73.993943,40.741889,Trader Joe's; #543,675 6th Ave New York NY 10010 USA 212-255-2106
-73.98701,40.71619,Trader Joe's; #538,400 Grand St New York NY 10002 USA 212-477-8340
-73.988329,40.733637,Trader Joe's; #540,142 East 14th St New York NY 10003 USA 212-529-4612
-73.988306,40.733717,Trader Joe's; #541,138 East 14th St New York NY 10003 USA 212-529-6326
-73.969193,40.7907,Trader Joe's; #545,670 Columbus Ave New York NY 10025 USA 212-678-1680
-74.00475,40.72592,Trader Joe's; #539,233 Spring St New York NY 10013 USA 212-6911-2721
-73.9821106,40.7786839,Trader Joe's; #542,2073 Broadway New York NY 10023 USA 212-799-0028
-73.978985,40.743903,Trader Joe's; #544,200 E 32nd St New York NY 10016 USA 212-889-3279
-118.284058,34.026539,Trader Joe's; #250,3131 S Hoover St Los Angeles CA 90089 USA 213-749-1497
-96.771784,32.88013,Trader Joe's; #401,7939 Walnut Hill Lane Dallas TX 75230 USA 214-346-6579
-96.818419,32.851185,Trader Joe's; #405,5550 W Lovers Lane Dallas TX 75209 USA 214-366-0205
-96.642667,33.173551,Trader Joe's; #408,2851 Craig Dr McKinney TX 75070 USA 214-491-1893
-96.789764,32.822532,Trader Joe's; #400,4525 Cole Ave Dallas TX 75205 USA 214-599-2155
-75.175051,39.954339,Trader Joe's; #634,2121 Market St Philadelphia PA 19103 USA 215-569-9282
-75.223376,40.208192,Trader Joe's; #639,1430 Bethlehem Pike North Wales PA 19454 USA 215-646-5870
-75.123108,40.108229,Trader Joe's; #633,933 Old York Rd Jenkintown PA 19046 USA 215-885-5240
-81.477722,41.462507,Trader Joe's; #676,28425 Chagrin Blvd Woodmere OH 44122 USA 216-591-9457
-77.000802,38.907339,Trader Joe's; #621,350 Florida Ave NE Washington DC 20002 USA 220-608-1023
-91.153477,30.421358,Trader Joe's; #754,3535 Perkins Rd Baton Rouge LA 70808 USA 225-382-0588
-81.801609,26.267764,Trader Joe's; #762,10600 Tamiami Trail North Naples FL 34108 USA 239-596-5631
-83.194477,42.680837,Trader Joe's; #668,3044 Walton Blvd Rochester Hills MI 48309 USA 248-375-2190
-83.163745,42.495044,Trader Joe's; #674,27880 Woodward Ave Royal Oak MI 48067 USA 248-582-9002
-83.285898,42.544128,Trader Joe's; #675,6536 Telegraph Rd Bloomfield Hills MI 48301 USA 248-855-2283
-122.537301,47.222772,Trader Joe's; #148,3800 Bridgeport Way West University Place WA 98466 USA 253-460-2672
-122.313601,47.314547,Trader Joe's; #134,1758 S 320th St Federal Way WA 98003 USA 253-529-9242
-122.166882,47.358211,Trader Joe's; #163,12966 SE Kent-Kangley Rd Kent WA 98030 USA 253-639-3419
-88.069365,43.036254,Trader Joe's; #726,12665 W Bluemound Rd Brookfield WI 53005 USA 262-784-4806
-85.651456,42.270919,Trader Joe's; #708,5099 Century Ave Kalamazoo MI 49006 USA 269-372-2049
-95.776617,29.73862,Trader Joe's; #429,2717 Commercial Center Blvd Katy TX 77494 USA 281-392-4200
-95.537121,30.176273,Trader Joe's; #428,10868 Kuykendahl Rd The Woodlands TX 77381 USA 281-465-0254
-95.584464,29.736476,Trader Joe's; #431,11683 Westheimer Rd Houston TX 77077 USA 281-496-2488
-77.1266,39.0509,Trader Joe's; #642,12268-H Rockville Pike Rockville MD 20852 USA 301-468-6656
-77.004598,39.030976,Trader Joe's; #652,10741 Columbia Pike Silver Spring MD 20901 USA 301-681-1675
-77.207011,39.096947,Trader Joe's; #648,10076 Darnestown Rd Rockville MD 20850 USA 301-762-0782
-77.090875,38.978067,Trader Joe's; #645,6831 Wisconsin Ave Bethesda MD 20815 USA 301-907-0982
-77.197295,39.155224,Trader Joe's; #648,18270 Contour Rd Gaithersburg MD 20877 USA 301-947-5953
-75.542621,39.833872,Trader Joe's; #636,5605 Concord Pike Wilmington DE 19803 USA 302-478-8494
-104.98238,39.726619,Trader Joe's; #302,661 Logan St Denver CO 80203 USA 303-318-7112
-104.94061,39.728464,Trader Joe's; #300,750 Colorado Blvd Denver CO 80206 USA 303-321-1003
-104.9406,39.728971,Trader Joe's; #310,790 Colorado Blvd Denver CO 80206 USA 303-321-3245
-105.258315,40.019922,Trader Joe's; #301,1906 28th St Boulder CO 80301 USA 303-443-0160
-104.958107,39.608356,Trader Joe's; #303,5910 S University Blvd Greenwood Village CO 80121 USA 303-730-3848
-80.312523,25.684263,Trader Joe's; #770,9205 S Dixie Hwy Pinecrest FL 33156 USA 305-661-1432
-118.393152,34.025351,Trader Joe's; #036,9290 Culver Blvd Culver City CA 90232 USA 310-202-1108
-118.377098,34.07119,Trader Joe's; #237,8500 Burton Way Los Angeles CA 90048 USA 310-248-2984
-118.393552,33.988108,Trader Joe's; #251,6150 Slauson Ave Culver City CA 90230 USA 310-313-0441
-118.385859,33.817812,Trader Joe's; #038,1761 South Elena Ave Redondo Beach CA 90277 USA 310-316-1745
-118.393085,33.86365,Trader Joe's; #248,1100 Pacific Coast Hwy Hermosa Beach CA 90254 USA 310-318-1767
-118.330828,33.790564,Trader Joe's; #029,2545 Pacific Coast Hwy Torrance CA 90505 USA 310-326-9520
-118.396364,33.959138,Trader Joe's; #033,8645 South Sepulveda Westchester CA 90045 USA 310-338-9238
-118.380352,33.887537,Trader Joe's; #034,1821 Manhattan Beach Blvd Manhattan Beach CA 90266 USA 310-372-1274
-118.421375,34.03017,Trader Joe's; #007,10850 National Blvd West Los Angeles CA 90064 USA 310-470-1917
-118.4493,34.0336,Trader Joe's; #215,11755 W Olympic Blvd West Los Angeles CA 90064 USA 310-477-5949
-118.40706,33.749265,Trader Joe's; #233,31176 Hawthorne Blvd Rancho Palos Verdes CA 90275 USA 310-544-1727
-118.456109,34.026285,Trader Joe's; #006,3212 Pico Blvd Santa Monica CA 90405 USA 310-581-0253
-118.379385,34.088093,Trader Joe's; #173,8611 Santa Monica Blvd West Hollywood CA 90069 USA 310-657-0152
-118.380927,33.901663,Trader Joe's; #106,1800 Rosecrans Blvd Manhattan Beach CA 90266 USA 310-725-9800
-118.353456,33.8528,Trader Joe's; #121,19720 Hawthorne Blvd Torrance CA 90503 USA 310-793-8585
-118.4439,34.0624,Trader Joe's; #234,1000 Glendon Ave Los Angeles CA 90024 USA 310-824-1495
-118.311572,33.757407,Trader Joe's; #057,28901 South Western Ave Rancho Palos Verdes CA 90275 USA 310-832-1241
-118.422666,34.020059,Trader Joe's; #119,3456 S. Sepulveda Blvd West Los Angeles CA 90034 USA 310-836-2458
-87.654542,41.914392,Trader Joe's; #691,1840 N. Clybourn Ave Chicago IL 60614 USA 312-274-9733
-87.625641,41.867619,Trader Joe's; #701,1147 S Wabash Ave Chicago IL 60605 USA 312-588-0489
-87.626478,41.893438,Trader Joe's; #696,44 E Ontario St Chicago IL 60611 USA 312-951-6369
-82.916422,42.389892,Trader Joe's; #665,17028 Kercheval Ave Grosse Pointe MI 48230 USA 313-640-7794
-90.435722,38.671436,Trader Joe's; #694,11505 Olive Blvd Creve Coeur MO 63141 USA 314-569-0427
-90.341323,38.627777,Trader Joe's; #692,48 Brentwood Promenade Court Brentwood MO 63144 USA 314-963-0253
-90.468153,38.600848,Trader Joe's; #695,13343 Manchester Rd Des Peres MO 63131 USA 314-984-5051
-76.069586,43.045829,Trader Joe's; #537,3422 Erie Blvd E Syracuse NY 13214 USA 315-446-1629
-86.211449,39.912037,Trader Joe's; #670,2902 West 86th St Indianapolis IN 46268 USA 317-337-1880
-86.075229,39.904765,Trader Joe's; #671,5473 East 82nd St Indianapolis IN 46250 USA 317-595-8950
-91.59982,41.68645,Trader Joe's; #728,920 Ponseti Way Coralville IA 52241 USA 319-351-7223
-118.199929,34.139363,Trader Joe's; #055,1566 Colorado Blvd Eagle Rock CA 90041 USA 323-257-6422
-118.271714,34.107919,Trader Joe's; #017,2738 Hyperion Ave Los Angeles CA 90027 USA 323-665-6774
-118.364446,34.097987,Trader Joe's; #192,8000 W Sunset Blvd Los Angeles CA 90046 USA 323-822-7663
-118.326,34.0998,Trader Joe's; #206,1600 N Vine St Los Angeles CA 90028 USA 323-856-0689
-118.361484,34.072693,Trader Joe's; #240,175 S Fairfax Ave Los Angeles CA 90036 USA 323-931-4012
-118.344165,34.069703,Trader Joe's; #031,263 S La Brea Los Angeles CA 90036 USA 323-965-1989
-118.349257,34.090699,Trader Joe's; #040,7310 Santa Monica Blvd West Hollywood CA 90046 USA 323-969-8048
-80.278089,36.094797,Trader Joe's; #749,252 S Stratford RD Winston-Salem NC 27103 USA 336-721-1744
-82.37873,29.621492,Trader Joe's; #764,3724 SW Archer Rd Gainesville FL 32608 USA 352-378-9321
-122.681238,47.656114,Trader Joe's; #158,9991 Mickelberry Rd Silverdale WA 98383 USA 360-307-7224
-122.938267,47.034266,Trader Joe's; #156,1530 Black Lake Blvd SW Olympia WA 98502 USA 360-352-7440
-122.464727,48.761973,Trader Joe's; #151,2410 James St Bellingham WA 98225 USA 360-734-5166
-122.554644,45.619438,Trader Joe's; #136,305 S.E. Chkalov Dr Vancouver WA 98683 USA 360-883-9000
-71.489225,41.711672,Trader Joe's; #518,1000 Bald Hill Rd Warwick RI 02886 USA 401-821-5368
-96.674459,40.741048,Trader Joe's; #722,3120 Pine Lake Rd Lincoln NE 68516 USA 402-328-0120
-96.07359,41.2486758,Trader Joe's; #719,10305 Pacific St Omaha NE 68114 USA 402-391-3698
-84.378934,33.926144,Trader Joe's; #731,6277 Roswell Rd. NE Sandy Springs GA 30328 USA 404-236-2414
-84.369127,33.779837,Trader Joe's; #730,931 Monroe Dr Atlanta GA 30308 USA 404-815-9210
-84.37529,33.841071,Trader Joe's; #735,3183 Peachtree Rd NE Atlanta GA 30305 USA 404-842-0907
-97.532036,35.537846,Trader Joe's; #461,6409 Avondale Dr Nichols Hills OK 73116 USA 405-843-5655
-81.496742,28.450544,Trader Joe's; #768,8323 W Sand Lake Rd Orlando FL 32819 USA 407-345-0611
-81.365868,28.598183,Trader Joe's; #765,131 N Orlando Ave Winter Park FL 32789 USA 407-622-0874
-122.06778,37.337762,Trader Joe's; #127,2310 Homestead Rd Los Altos CA 94024 USA 408-245-1917
-121.909057,37.341154,Trader Joe's; #212,635 Coleman Ave San Jose CA 95110 USA 408-298-9731
-121.95902,37.243786,Trader Joe's; #181,15466 Los Gatos Blvd Los Gatos CA 95032 USA 408-356-2324
-121.931872,37.28951,Trader Joe's; #073,1875 Bascom Ave Campbell CA 95008 USA 408-369-7823
-122.0004,37.3069,Trader Joe's; #062,5269 Prospect Rd San Jose CA 95129 USA 408-446-5055
-122.035921,37.368215,Trader Joe's; #068,316 West El Camino Real Sunnyvale CA 94087 USA 408-736-7573
-121.637132,37.131251,Trader Joe's; #202,17035 Laurel Rd Morgan Hill CA 95037 USA 408-778-6409
-122.031449,37.312115,Trader Joe's; #232,7250 Bollinger Rd San Jose CA 95129 USA 408-873-7384
-121.875771,37.252301,Trader Joe's; #063,5353 Almaden Expressway San Jose CA 95118 USA 408-927-9091
-76.618882,39.411683,Trader Joe's; #649,800 Kenilworth Dr Towson MD 21204 USA 410-296-9851
-76.736854,39.387343,Trader Joe's; #655,1809 Reisterstown Rd Pikesville MD 21208 USA 410-484-8373
-76.5367,38.9853,Trader Joe's; #650,160 F Jennifer Rd Annapolis MD 21401 USA 410-573-0505
-76.794657,39.188356,Trader Joe's; #658,6610 Marie Curie Dr Elkridge MD 21075 USA 410-953-8139
-79.919163,40.458868,Trader Joe's; #638,6343 Penn Ave Pittsburgh PA 15206 USA 412-363-5748
-80.022469,40.570186,Trader Joe's; #624,9020 Covenant Ave Pittsburgh PA 15237 USA 412-366-1131
-80.051096,40.350212,Trader Joe's; #630,1630 Washington Road Pittsburgh PA 15241 USA 412-835-2212
-72.549791,42.358102,Trader Joe's; #512,375 Russell St Hadley MA 01035 USA 413-587-3260
-87.916258,43.118901,Trader Joe's; #711,5600 North Port Washington Rd Milwaukee WI 53217 USA 414-962-3382
-122.417422,37.79082,Trader Joe's; #200,1095 Hyde St San Francisco CA 94109 USA 415-292-7665
-122.447396,37.782678,Trader Joe's; #100,3 Masonic Ave San Francisco CA 94118 USA 415-346-9964
-122.41376,37.805443,Trader Joe's; #019,401 Bay St San Francisco CA 94133 USA 415-351-1013
-122.516919,37.970378,Trader Joe's; #061,337 Third St San Rafael CA 94901 USA 415-454-9530
-122.405609,37.785558,Trader Joe's; #225,10 4th St San Francisco CA 94103 USA 415-536-7801
-122.475651,37.726808,Trader Joe's; #236,265 Winston Dr San Francisco CA 94132 USA 415-665-1835
-122.4122,37.7718,Trader Joe's; #078,555 Ninth St San Francisco CA 94103 USA 415-863-1292
-122.568345,38.111635,Trader Joe's; #198,7514 Redwood Blvd Novato CA 94945 USA 415-898-9359
-122.514911,37.905144,Trader Joe's; #235,2052 Redwood Hwy Lakespur CA 94904 USA 415-945-7955
-122.220839,47.910409,Trader Joe's; #139,811 S.E. Everett Mall Way Everett WA 98208 USA 425-513-2210
-122.05206,47.544928,Trader Joe's; #138,975 NW Gilman Blvd Issaquah WA 98027 USA 425-557-6420
-122.132642,47.63158,Trader Joe's; #131,15563 NE 24th St Bellevue WA 98007 USA 425-641-5069
-122.313927,47.820049,Trader Joe's; #129,19715 Hwy 99 Lynnwood WA 98036 USA 425-744-1346
-122.180343,47.710594,Trader Joe's; #132,12520 Totem Lake Blvd NE Kirkland WA 98034 USA 425-823-1685
-122.03549,47.613547,Trader Joe's; #160,490 228th Ave NE Sammamish WA 98074 USA 425-836-0837
-122.127799,47.625596,Trader Joe's; #140,15932 Redmond Way Redmond WA 98052 USA 425-883-1624
-78.492594,38.064553,Trader Joe's; #661,2025 Bond St Charlottesville VA 22901 USA 434-974-1466
-81.951086,41.457352,Trader Joe's; #677,175 Market St Westlake OH 44145 USA 440-250-1592
-96.770561,32.814907,Trader Joe's; #403,2001 Greenville Ave Dallas TX 75206 USA 469-334-0614
-111.8887,33.6076,Trader Joe's; #087,7555 East Frank Lloyd Wright Blvd Scottsdale AZ 85260 USA 480-367-8920
-111.787486,33.379237,Trader Joe's; #089,2050 East Baseline Road Mesa AZ 85204 USA 480-632-0951
-111.994749,33.304029,Trader Joe's; #177,4025 E. Chandler Blvd; Ste 38 Ahwatukee AZ 85048 USA 480-759-2295
-111.911363,33.361829,Trader Joe's; #093,6460 South McClintock Tempe AZ 85283 USA 480-838-4142
-111.92603,33.528361,Trader Joe's; #094,6202 North Scottsdale Road Scottsdale AZ 85253 USA 480-948-9886
-85.628168,38.250681,Trader Joe's; #628,4600 Shelbyville Road Louisville KY 40207 USA 502-895-1361
-122.621024,45.533992,Trader Joe's; #144,4121 N.E. Halsey St Portland OR 97213 USA 503-284-1694
-123.034062,44.889634,Trader Joe's; #153,4450 Commercial St Salem OR 97302 USA 503-378-9042
-122.797462,45.486687,Trader Joe's; #141,11753 SW Beaverton Hillsdale Hwy Beavrtton OR 97005 USA 503-626-3794
-122.743095,45.41373,Trader Joe's; #142,15391 S. W. Bangy Rd Lake Oswego OR 97035 USA 503-639-3238
-122.867624,45.536813,Trader Joe's; #149,2285 NW 185th Ave Hillsboro OR 97124 USA 503-645-8321
-122.579342,45.455791,Trader Joe's; #152,9345 SE 82nd Ave Clackamas OR 97086 USA 503-771-6300
-122.623049,45.4886,Trader Joe's; #143,4715 S.E. 39th Ave Portland OR 97202 USA 503-777-1601
-83.769456,31.136266,Trader Joe's; #755,2949 Veterans Blvd Metairie LA 70002 USA 504-831-0253
-106.54371,35.175563,Trader Joe's; #166,8928 Holly Ave. NE Albuquerque NM 87122 USA 505-796-0311
-106.566242,35.101493,Trader Joe's; #167,2200 Uptown Loop NE Albuquerque NM 87110 USA 505-883-3662
-105.953324,35.673906,Trader Joe's; #165,530 West Cordova Rd Santa Fe NM 87505 USA 505-995-8145
-92.480776,44.000963,Trader Joe's; #718,1200 16th St. SW Rochester MN 55902 USA 507-281-4411
-71.26313,42.08791,Trader Joe's; #528,350 Patriot Place Foxborough MA 02035 USA 508-543-1978
-71.75063,42.274872,Trader Joe's; #508,77 Boston Turnpike Shrewsbury MA 01545 USA 508-755-9560
-70.291959,41.667086,Trader Joe's; #514,655 Route 132 Hyannis MA 02601 USA 508-790-3008
-71.424243,42.298608,Trader Joe's; #503,659 Worcester Rd Framingham MA 01701 USA 508-935-2931
-117.41116,47.708161,Trader Joe's; #164,5520 N Division St Spokane WA 99208 USA 509-487-4188
-117.367434,47.628192,Trader Joe's; #159,2975 East 29th Ave Spokane WA 99223 USA 509-534-1077
-122.2733151,37.8715886,Trader Joe's; #186,1885 University Ave Berkeley CA 94703 USA 510-204-9074
-122.285907,37.994535,Trader Joe's; #230,2742 Pinole Valley Rd Pinole CA 94564 USA 510-222-3501
-122.244909,37.810316,Trader Joe's; #203,3250 Lakeshore Ave Oakland CA 94610 USA 510-238-9076
-122.301774,37.899184,Trader Joe's; #108,225 El Cerrito Plaza El Cerrito CA 94530 USA 510-514-7609
-122.073365,37.685247,Trader Joe's; #084,22224 Redwood Road Castro Valley CA 94546 USA 510-538-2738
-122.29425,37.836975,Trader Joe's; #072,5700 Christie Ave Emeryville CA 94608 USA 510-658-8091
-122.253424,37.757268,Trader Joe's; #109,2217 South Shore Center Alameda CA 94501 USA 510-769-5450
-121.986739,37.543442,Trader Joe's; #077,39324 Argonaut Way Fremont CA 94538 USA 510-794-1386
-122.252044,37.845428,Trader Joe's; #231,5727 College Ave Oakland CA 94618 USA 510-923-9428
-97.751503,30.39505,Trader Joe's; #454,9722 Great Hills Trail Austin TX 78759 USA 512-241-1248
-97.789223,30.270309,Trader Joe's; #453,2805 Bee Cave Rd Austin TX 78746 USA 512-306-1032
-97.753359,30.26639,Trader Joe's; #452,211 Seaholm Dr Austin TX 78703 USA 512-474-2263
-84.381091,39.198506,Trader Joe's; #669,7788 Montgomery Rd Cincinnati OH 45236 USA 513-984-3452
-93.795623,41.561843,Trader Joe's; #721,6305 Mills Civic Pkwy West Des Moines IA 50266 USA 515-225-3820
-73.640989,40.627618,Trader Joe's; #552,3418 Long Beach Rd Oceanside NY 11572 USA 516-536-9163
-73.701647,40.639082,Trader Joe's; #554,1280 West Broadway Hewlett NY 11557 USA 516-569-7191
-73.558619,40.653714,Trader Joe's; #553,1714 Merrick Rd Merrick NY 11566 USA 516-771-1012
-73.604456,40.743662,Trader Joe's; #550,910 Old Country Road Garden City NY 11530 USA 516-794-0174
-73.502629,40.781514,Trader Joe's; #555,425 S. Oyster Bay Rd Plainview NY 11803 USA 516-933-6900
-73.812825,42.714778,Trader Joe's; #535,79 Wolf Road Colonie NY 12205 USA 518-482-4538
-110.891253,32.250463,Trader Joe's; #088,4766 East Grant Road Tucson AZ 85712 USA 520-323-4500
-110.943961,32.283267,Trader Joe's; #191,4209 North Campbell Avenue Tucson AZ 85719 USA 520-325-0069
-110.858746,32.237074,Trader Joe's; #095,1101 North Wilmot Road Tucson AZ 85712 USA 520-733-1313
-110.974958,32.350274,Trader Joe's; #096,7912 North Oracle Oro Valley AZ 85704 USA 520-797-4207
-122.355675,40.592843,Trader Joe's; #219,845 Browning St Redding CA 96003 USA 530-223-4875
-121.846873,39.758615,Trader Joe's; #199,801 East Ave Chico CA 95926 USA 530-343-9920
-121.761846,38.546806,Trader Joe's; #182,885 Russell Blvd Davis CA 95616 USA 530-757-2693
-121.299449,44.102579,Trader Joe's; #150,63455 North Highway 97 Bend OR 97701 USA 541-312-4198
-123.074388,44.066244,Trader Joe's; #145,85 Oakway Center Eugene OR 97401 USA 541-485-1744
-122.921608,42.340797,Trader Joe's; #155,55 Rossanley Dr Medford OR 97501 USA 541-608-4993
-123.258522,44.582329,Trader Joe's; #154,1550 NW 9th St Corvallis OR 97330 USA 541-753-0048
-119.728445,36.84926,Trader Joe's; #180,1077 N. Willow Clovis CA 93611 USA 559-325-3120
-119.785643,36.856872,Trader Joe's; #008,8478 N Friant Rd Fresno CA 93720 USA 559-433-6478
-80.33483,26.438733,Trader Joe's; #771,1851 S Federal Hwy Delray Beach FL 33483 USA 561-278-1493
-80.086586,26.342331,Trader Joe's; #773,855 S Federal Hwy Boca Raton FL 33432 USA 561-338-5031
-80.074445,26.844627,Trader Joe's; #772,2560 PGA Blvd Palm Beach Gardens FL 33410 USA 561-514-6455
-80.203452,26.638189,Trader Joe's; #774,2877 S SR 7 Wellington FL 33414 USA 561-656-1067
-118.058488,33.868234,Trader Joe's; #104,12861 Towne Center Dr Cerritos CA 90703 USA 562-402-5148
-118.1894,33.385649,Trader Joe's; #116,4210 Long Beach Blvd Long Beach CA 90807 USA 562-422-1020
-118.125034,33.797084,Trader Joe's; #194,2222 Bellflower Blvd Long Beach CA 90815 USA 562-596-2514
-118.110254,33.757294,Trader Joe's; #043,6451 E. Pacific Coast Hwy Long Beach CA 90803 USA 562-596-4388
-118.006115,33.948931,Trader Joe's; #048,15025 E. Whittier Blvd Whittier CA 90603 USA 562-698-1642
-77.537891,43.102163,Trader Joe's; #534,3349 Monroe Ave Rochester NY 14618 USA 585-248-5011
-111.979655,33.582914,Trader Joe's; #282,4726 East Shea Blvd Phoenix AZ 85028 USA 602-485-7788
-112.038734,33.507184,Trader Joe's; #090,4821 N. 20th St Phoenix AZ 85016 USA 602-912-9022
-70.796153,43.093339,Trader Joe's; #520,45 Gosling Rd Newington NH 03801 USA 603-431-2654
-71.463052,42.756048,Trader Joe's; #507,262 Daniel Webster Hwy Nashua NH 03060 USA 603-888-5460
-89.416741,43.065363,Trader Joe's; #712,1810 Monroe St Madison WI 53711 USA 608-257-1916
-74.664785,40.309161,Trader Joe's; #607,3528 US 1 (Brunswick Pike) Princeton NJ 08540 USA 609-897-0581
-75.43169,40.073015,Trader Joe's; #632,171 East Swedesford Rd Wayne PA 19087 USA 610-225-0925
-75.287423,40.007763,Trader Joe's; #635,112 Coulter Ave Ardmore PA 19003 USA 610-658-0645
-75.388914,39.91771,Trader Joe's; #637,12 East State St Media PA 19063 USA 610-891-2752
-93.258408,44.977539,Trader Joe's; #725,721 Washington Ave S Minneapolis MN 55415 USA 612-339-2110
-82.917843,40.049237,Trader Joe's; #679,3888 Townsfair Way Columbus OH 43219 USA 614-473-0794
-83.091714,40.095928,Trader Joe's; #672,6355 Sawmill Rd Dublin OH 43017 USA 614-793-8505
-86.81412,36.10572,Trader Joe's; #664,3909 Hillsboro Pike Nashville TN 37215 USA 615-297-6560
-85.576571,42.912535,Trader Joe's; #707,3684 28th st SE Kentwood MI 49512 USA 616-977-1819
-71.219568,42.349673,Trader Joe's; #509,1121 Washington St West Newton MA 02465 USA 617-244-1620
-71.08501,42.348464,Trader Joe's; #510,899 Boylston St Boston MA 02115 USA 617-262-6505
-71.12088,42.341947,Trader Joe's; #501,1317 Beacon St Brookline MA 02446 USA 617-278-9997
-71.115591,42.358124,Trader Joe's; #502,748 Memorial Dr Cambridge MA 02139 USA 617-491-8582
-71.14331,42.389655,Trader Joe's; #517,211 Alewife Brook Pkwy Cambridge MA 02138 USA 617-498-3201
-71.083656,42.394859,Trader Joe's; #560,145 Middlesex Ave Somerville MA 02145 USA 617-591-0124
-71.12998,42.36303,Trader Joe's; #561,199 N Harvard St Allston MA 02134 USA 617-787-1238
-117.07028,32.7719,Trader Joe's; #224,5140 College Ave San Diego CA 92115 USA 619-229-9092
-117.153763,32.748666,Trader Joe's; #026,1090 University Ave San Diego CA 92103 USA 619-296-3122
-117.15345,32.76478,Trader Joe's; #222,1072 Camino Del Rio North San Diego CA 92108 USA 619-297-0749
-117.006748,32.778692,Trader Joe's; #024,5495 Grossmont Center Dr La Mesa CA 91942 USA 619-466-0105
-116.969649,32.652018,Trader Joe's; #120,878 Eastlake Pkwy Chula Vista CA 91914 USA 619-656-5370
-117.21735,32.736106,Trader Joe's; #188,2401 Truxtun Rd San Diego CA 92106 USA 619-758-9272
-112.363663,33.648742,Trader Joe's; #092,14095 West Grand Ave Surprise AZ 85374 USA 623-546-1640
-112.225166,33.638437,Trader Joe's; #085,7720 West Bell Road Glendale AZ 85308 USA 623-776-7414
-118.07299,34.12925,Trader Joe's; #032,7260 North Rosemead Blvd San Gabriel CA 91775 USA 626-285-5862
-118.078027,34.154033,Trader Joe's; #171,467 Rosemead Blvd Pasadena CA 91107 USA 626-351-3399
-118.089824,34.127501,Trader Joe's; #032,3035 E Huntington Dr Pasadena CA 91107 USA 626-356-2963
-118.0118,34.140063,Trader Joe's; #112,604 W. Huntington Dr Monrovia CA 91016 USA 626-358-8884
-118.132561,34.139748,Trader Joe's; #179,345 South Lake Ave Pasadena CA 91101 USA 626-395-9553
-118.162898,34.115563,Trader Joe's; #018,613 Mission St South Pasadena CA 91030 USA 626-441-6263
-118.147133,34.135162,Trader Joe's; #051,610 South Arroyo Pkwy Pasadena CA 91105 USA 626-568-9254\
-122.343554,47.75596,Trader Joe's; #270,1201 N 175th St Shoreline WA 98133 USA 626-599-3700
-87.990033,41.809837,Trader Joe's; #683,122 Ogden Ave Downers Grove IL 60515 USA 630-241-1662
-88.141857,41.755614,Trader Joe's; #690,44 West Gartner Rd Naperville IL 60540 USA 630-355-4389
-88.058245,41.859537,Trader Joe's; #680,680 Roosevelt Rd Glen Ellyn IL 60137 USA 630-858-5077
-88.332079,41.863842,Trader Joe's; #689,1942 West Fabyan Parkway Batavia IL 60510 USA 630-879-3234
-73.132637,40.865709,Trader Joe's; #556,2085 Smith Haven Plaza Lake Grove NY 11755 USA 631-366-2094
-73.3069,40.84067,Trader Joe's; #551,5900 Jericho Turnpike Commack NY 11725 USA 631-493-9210
-90.566344,38.644077,Trader Joe's; #693,1679 Clarkson Rd Chesterfield MO 63017 USA 636-536-7846
-122.395985,37.603901,Trader Joe's; #170,765 Broadway Millbrae CA 94030 USA 650-259-9142
-122.299511,37.535456,Trader Joe's; #245,45 W Hillsdale Blvd San Mateo CA 94403 USA 650-286-1509
-122.183409,37.451248,Trader Joe's; #069,720 Menlo Ave Menlo Park CA 94025 USA 650-323-2134
-122.158602,37.439515,Trader Joe's; #207,855 El Camino Real Palo Alto CA 94301 USA 650-327-7018
-122.302295,37.554539,Trader Joe's; #067,1820 S. Grant St San Mateo CA 94402 USA 650-570-6140
-122.446251,37.664932,Trader Joe's; #187,301 McLellan Dr South San Francisco CA 94080 USA 650-583-6401
-122.248093,37.496752,Trader Joe's; #174,1482 El Camino Real San Carlos CA 94070 USA 650-594-2138
-122.468123,37.698901,Trader Joe's; #074,417 Westlake Center Daly City CA 94015 USA 650-755-3825
-122.108646,37.400855,Trader Joe's; #081,590 Showers Dr Mountain View CA 94040 USA 650-917-1013
-93.1465,44.926829,Trader Joe's; #716,484 Lexington Pkwy S St. Paul MN 55116 USA 651-698-3119
-92.924605,44.943604,Trader Joe's; #715,8960 Hudson Rd Woodbury MN 55125 USA 651-735-0269
-93.144767,45.057466,Trader Joe's; #727,1041 Red Fox Rd Shoreview MN 55126 USA 651-765-1398
-118.536254,34.428501,Trader Joe's; #013,26517 Bouquet Canyon Rd Santa Clarita CA 91350 USA 661-263-3796
-119.094018,35.355432,Trader Joe's; #014,8200-C 21 Stockdale Hwy Bakersfield CA 93311 USA 661-837-8863
-118.147809,34.599432,Trader Joe's; #185,39507 10th Street West Palmdale CA 93551 USA 661-947-2890
-84.428197,33.982653,Trader Joe's; #732,4250 Roswell Rd Marietta GA 30062 USA 678-560-3585
-84.21634,33.979997,Trader Joe's; #734,5185 Peachtree Pkwy Norcross GA 30092 USA 678-966-9236
-115.335107,36.149669,Trader Joe's; #284,2315 Summa Dr Las Vegas NV 89135 USA 702-242-0597
-115.259134,36.181263,Trader Joe's; #086,7575 W. Washington Las Vegas NV 89128 USA 702-242-8240
-115.256813,36.263692,Trader Joe's; #098,5639 Centennial Ctr Blvd Las Vegas NV 89149 USA 702-396-3372
-115.108531,36.001959,Trader Joe's; #280,10345 South Eastern Ave Henderson NV 89052 USA 702-407-8673
-115.082168,36.069893,Trader Joe's; #097,2716 North Green Valley Pkwy Henderson NV 89014 USA 702-433-6773
-77.203786,38.904542,Trader Joe's; #641,7514 Leesburg Turnpike Falls Church VA 22043 USA 703-288-0566
-77.094773,38.886191,Trader Joe's; #640,1109 N Highland Street Arlington VA 22201 USA 703-351-8015
-78.834633,36.92696,Trader Joe's; #644,5847 Leesburg Pike Bailey's Crossroads VA 22041 USA 703-379-5883
-77.044732,38.810866,Trader Joe's; #647,612 N. Saint Asaph St Alexandria VA 22314 USA 703-548-0611
-77.189134,38.781698,Trader Joe's; #651,6394 Springfield Plaza Springfield VA 22150 USA 703-569-9301
-77.359457,38.967221,Trader Joe's; #646,11958 Killingsworth Ave Reston VA 20194 USA 703-689-0865
-77.271169,38.841312,Trader Joe's; #643,9464 Main St Fairfax VA 22031 USA 703-764-8550
-77.435092,38.838937,Trader Joe's; #654,14100 Lee Highway Centerville VA 20120 USA 703-815-0697
-77.452278,39.05074,Trader Joe's; #619,44755 Brimfield Dr Ashburn VA 20147 USA 703-858-5993
-80.835169,35.21361,Trader Joe's; #744,1133 Metropolitan Ave Charlotte NC 28204 USA 704-334-0737
-80.816794,35.079607,Trader Joe's; #742,6418 Rea Rd Charlotte NC 28277 USA 704-543-5249
-80.745138,35.322509,Trader Joe's; #743,1820 E Arbors Dr Charlotte NC 28262 USA 704-688-9578
-83.443574,33.917153,Trader Joe's; #736,1850 Epps Bridge Pkwy Athens GA 30606 USA 706-583-8934
-122.306136,38.32234,Trader Joe's; #128,3654 Bel Aire Plaza Napa CA 94558 USA 707-256-0806
-122.052895,38.263904,Trader Joe's; #101,1350 Gateway Blvd Fairfield CA 94533 USA 707-434-0144
-122.731026,38.472901,Trader Joe's; #075,3225 Cleveland Ave Santa Rosa CA 95403 USA 707-525-1406
-122.713324,38.41824,Trader Joe's; #178,2100 Santa Rosa Ave Santa Rosa CA 95407 USA 707-535-0788
-122.628064,38.250298,Trader Joe's; #107,169 North McDowell Blvd Petaluma CA 94954 USA 707-769-2782
-87.853755,41.619088,Trader Joe's; #686,14924 S. La Grange Rd Orland Park IL 60462 USA 708-349-9021
-87.804901,41.889935,Trader Joe's; #697,483 N Harlem Ave Oak Park IL 60301 USA 708-386-1169
-87.869515,41.817022,Trader Joe's; #685,25 North La Grange Rd La Grange IL 60525 USA 708-579-0838
-95.501252,29.751923,Trader Joe's; #427,1440 S Voss Rd Houston TX 77057 USA 713-266-2377
-95.410265,29.813403,Trader Joe's; #426,2922 Shepard Dr Houston TX 77098 USA 713-526-4034
-117.870309,33.910345,Trader Joe's; #011,2500 East Imperial Highway; Ste 177 Brea CA 92821 USA 714-257-1180
-117.836788,33.823339,Trader Joe's; #046,2114 N. Tustin Ave Orange CA 92865 USA 714-283-5697
-117.885334,33.70325,Trader Joe's; #113,3329 S. Bristol St Santa Ana CA 92704 USA 714-424-9304
-117.809052,33.747871,Trader Joe's; #197,1198 Irvine Blvd Tustin CA 92780 USA 714-505-3289
-118.050275,33.717658,Trader Joe's; #244,16821 Algonquin St Huntington Beach CA 92649 USA 714-846-7307
-117.992278,33.691618,Trader Joe's; #047,18681 Main St Huntington Beach CA 92648 USA 714-848-9640
-117.953824,33.651926,Trader Joe's; #241,21431 Brookhurst St Huntington Beach CA 92646 USA 714-968-4070
-117.791982,33.888888,Trader Joe's; #176,19655 Yorba Linda Blvd Yorba Linda CA 92886 USA 714-970-0166
-78.820648,42.998463,Trader Joe's; #536,1565 Niagara Falls Blvd Buffalo NY 14228 USA 716-833-4687
-73.98322,40.690753,Trader Joe's; #547,445 Gold St Brooklyn NY 11201 USA 718-243-0107
-73.992603,40.689598,Trader Joe's; #558,130 Court St Brooklyn NY 11201 USA 718-246-8460
-73.85917,40.711608,Trader Joe's; #557,9030 Metropolitan Ave Queens NY 11374 USA 718-275-1791
-74.165438,40.589444,Trader Joe's; #559,2385 Richmond Ave Staten Island NY 10314 USA 718-370-1085
-104.817131,38.905066,Trader Joe's; #305,5342 N Nevada Ave Colorado Springs CO 80918 USA 719-264-0123
-82.638954,27.797379,Trader Joe's; #767,2742 4th St N St. Petersburg FL 33704 USA 727-824-0907
-105.085352,39.610665,Trader Joe's; #306,8055 West Bowles Ave Littleton CO 80120 USA 729-981-4563
-74.062485,40.316621,Trader Joe's; #608,1031 Broad St. Shrewsbury NJ 07702 USA 732-389-2535
-74.45803,40.462013,Trader Joe's; #612,869 Hwy 1 North Brunswick NJ 08902 USA 732-993-1403
-83.435524,42.437187,Trader Joe's; #667,18771 Traditions Dr Northville MI 48167 USA 734-464-3675
-83.71327,42.259451,Trader Joe's; #678,2398 East Stadium Blvd Ann Arbor MI 48104 USA 734-975-2455
-76.74691,37.278125,Trader Joe's; #657,5000 Settlers Market Blvd Williamsburg VA 23188 USA 757-259-2135
-76.023884,36.848557,Trader Joe's; #660,503 Hilltop Plaza Virginia Beach VA 23454 USA 757-422-4840
-76.513589,37.130173,Trader Joe's; #656,12551 Jefferson Ave Newport News VA 23602 USA 757-890-0235
-116.47875,33.786501,Trader Joe's; #118,67720 East Palm Canyon Dr Cathedral City CA 92234 USA 760-202-0090
-117.074558,33.100119,Trader Joe's; #105,1885 S Centre City Pkwy Escondido CA 92025 USA 760-233-4020
-116.398234,33.727165,Trader Joe's; #003,44250 Town Center Way Palm Desert CA 92260 USA 760-340-2291
-117.332015,33.183359,Trader Joe's; #022,2570 Vista Way Oceanside CA 92054 USA 760-433-9994
-117.25592,33.127793,Trader Joe's; #220,2629 Gateway Rd Carlsbad CA 92009 USA 760-603-8473
-117.256077,33.047336,Trader Joe's; #025,115 N. El Camino Real Encinitas CA 92024 USA 760-634-2114
-116.294434,33.711435,Trader Joe's; #189,46400 Washington St La Quinta CA 92253 USA 760-777-1553
-93.434752,45.094021,Trader Joe's; #713,12105 Elm Creek Blvd North Maple Grove MN 55369 USA 763-315-1739
-84.379745,34.057723,Trader Joe's; #733,635 W. Crossville Rd Roswell GA 30075 USA 770-645-8505
-87.675387,41.949592,Trader Joe's; #688,3745 North Lincoln Ave Chicago IL 60613 USA 773-248-4920
-87.64603,41.93288,Trader Joe's; #703,667 W. Diversey Pkwy Chicago IL 60614 USA 773-935-7255
-119.774002,39.110285,Trader Joe's; #281,3790 US Highway 395 South Carson City NV 89705 USA 775-267-2486
-119.783667,39.477037,Trader Joe's; #082,5035 S. McCarran Blvd Reno NV 89502 USA 775-826-1621
-71.021043,42.480319,Trader Joe's; #506,358 Broadway Saugus MA 01906 USA 781-231-0369
-71.212495,42.473582,Trader Joe's; #515,51 Middlesex Turnpike Burlington MA 01803 USA 781-273-2310
-71.234941,42.29238,Trader Joe's; #504,958 Highland Ave Needham MA 02494 USA 781-449-6993
-71.1869,42.425034,Trader Joe's; #505,1427 Massachusetts Ave Arlington MA 02476 USA 781-646-9138
-70.925229,42.249346,Trader Joe's; #530,5 Essington Dr Hingham MA 02043 USA 781-740-2038
-70.844733,42.146071,Trader Joe's; #513,1775 Washington St Hanover MA 02339 USA 781-826-5389
-111.683428,40.27614,Trader Joe's; #352,440 E Park Ave Orem UT 84097 USA 801-224-1453
-111.872839,40.760508,Trader Joe's; #350,634 East 400 South Salt Lake City UT 84102 USA 801-359-2462
-111.855059,40.624934,Trader Joe's; #351,6989 S 1300 E Cottonwood Heights UT 84047 USA 801-562-3024
-73.180769,44.463967,Trader Joe's; #527,200 Dorset St South Burlington VT 05403 USA 802-658-4500
-80.972585,34.020301,Trader Joe's; #753,4516 Forest DR Columbia SC 29206 USA 803-790-2404
-77.603828,37.649639,Trader Joe's; #659,11331 W Broad St Glen Allen VA 23060 USA 804-360-4098
-118.953064,34.180914,Trader Joe's; #243,125 N Reino Rd Newbury Park CA 91320 USA 805-375-1984
-119.050865,34.219789,Trader Joe's; #114,363 Carmen Dr Camarillo CA 93010 USA 805-388-1925
-120.715948,35.541934,Trader Joe's; #211,1111 Rossi Rd Templeton CA 93465 USA 805-434-9562
-120.59472,35.126564,Trader Joe's; #117,955 Rancho Parkway Arroyo Grande CA 93420 USA 805-474-6114
-118.869239,34.218138,Trader Joe's; #196,451 Avenida De Los Arboles Thousand Oaks CA 91360 USA 805-492-7107
-118.826873,34.163348,Trader Joe's; #058,3835 E. Thousand Oaks Blvd Westlake Village CA 91362 USA 805-494-5040
-118.739253,34.279137,Trader Joe's; #030,2975-A Cochran St Simi Valley CA 93065 USA 805-520-3135
-119.682367,34.424207,Trader Joe's; #059,222 N Milpas St Santa Barbara CA 93103 USA 805-560-1182
-119.729073,34.439095,Trader Joe's; #183,3025 De La Vina St Santa Barbara CA 93105 USA 805-563-7383
-119.21104,34.257781,Trader Joe's; #045,1795 South Victoria Ave Ventura CA 93003 USA 805-650-9977
-119.247483,34.271723,Trader Joe's; #218,103 S. Mills Road Suite 104 Ventura CA 93003 USA 805-658-2664
-119.824507,34.441209,Trader Joe's; #110,5767 Calle Real Goleta CA 93117 USA 805-692-2234
-120.675052,35.244276,Trader Joe's; #041,3977 South Higuera St San Luis Obispo CA 93401 USA 805-783-2780
-120.419595,34.937964,Trader Joe's; #239,1303 S Bradley Rd Santa Maria CA 93454 USA 805-925-1657
-82.506699,27.93729,Trader Joe's; #766,3808 W Swann Ave Tampa FL 33609 USA 813-872-6846
-80.199471,40.674465,Trader Joe's; #629,243 Patriot Ln State College PA 16803 USA 814-234-2224
-94.605686,38.972003,Trader Joe's; #720,8600 Ward Pkwy Kansas City MO 64114 USA 816-333-5322
-97.129232,32.940974,Trader Joe's; #406,1492 E Southlake Blvd Southlake TX 76092 USA 817-251-0360
-97.387497,32.73423,Trader Joe's; #404,2701 Hulen Street Fort Worth TX 76107 USA 817-922-9107
-118.579666,34.257967,Trader Joe's; #184,10330 Mason Ave Chatsworth CA 91311 USA 818-341-3010
-118.623565,34.19303,Trader Joe's; #050,6751 Fallbrook Ave West Hills CA 91307 USA 818-347-2591
-118.502033,34.272464,Trader Joe's; #044,11114 Balboa Blvd Granada Hills CA 91344 USA 818-368-6461
-118.254853,34.159238,Trader Joe's; #053,103 E Glenoaks Blvd Glendale CA 91207 USA 818-507-8192
-118.392253,34.143159,Trader Joe's; #122,11976 Ventura Blvd Studio City CA 91604 USA 818-509-0168
-118.64469,34.15583,Trader Joe's; #254,23741 Calabasas Rd Calabasas CA 91302 USA 818-591-6758
-118.592232,34.167572,Trader Joe's; #209,21055 Ventura Blvd Woodland Hills CA 91364 USA 818-712-9475
-118.351894,34.152063,Trader Joe's; #054,10130 Riverside Dr Toluca Lake CA 91602 USA 818-762-2787
-118.440686,34.157737,Trader Joe's; #049,14119 Riverside Dr Sherman Oaks CA 91423 USA 818-789-2771
-118.188533,34.199355,Trader Joe's; #042,475 Foothill Blvd La Canada CA 91011 USA 818-790-6373
-118.299521,34.174563,Trader Joe's; #124,214 East Alameda Burbank CA 91502 USA 818-848-4299
-118.755406,34.145932,Trader Joe's; #247,28941 Canwood St Agoura Hills CA 91301 USA 818-865-8217
-118.231322,34.206529,Trader Joe's; #052,2462 Honolulu Avenue Montrose CA 91020 USA 818-957-3613
-118.517259,34.172162,Trader Joe's; #056,17640 Burbank Blvd Encino CA 91316 USA 818-990-7751
-82.553467,35.60313,Trader Joe's; #740,120 Merrimon Ave Asheville NC 28801 USA 828-232-5078
-121.894229,36.596718,Trader Joe's; #204,570 Munras Ave Monterey CA 93940 USA 831-372-2010
-122.025402,36.974636,Trader Joe's; #193,700 Front St Santa Cruz CA 95060 USA 831-425-0140
-121.970162,36.977782,Trader Joe's; #064,3555 Clares St Capitola CA 95010 USA 831-464-0115
-121.92162,36.605895,Trader Joe's; #079,1170 Forest Ave Pacific Grove CA 93950 USA 831-656-0180
-79.887098,32.804872,Trader Joe's; #752,401 Johnnie Dodds Blvd Mt. Pleasant SC 29464 USA 843-884-4037
-87.982599,42.113871,Trader Joe's; #687,17 W. Rand Rd Arlington Heights IL 60004 USA 847- 506-0752
-87.832578,42.013012,Trader Joe's; #698,190 North Northwest Hwy Park Ridge IL 60068 USA 847-292-1108
-87.799512,42.149489,Trader Joe's; #682,127 Skokie Blvd Northbrook IL 60062 USA 847-498-9076
-88.109038,42.190209,Trader Joe's; #684,735 West Main St Lake Zurich IL 60047 USA 847-550-7827
-88.044226,42.050541,Trader Joe's; #705,1426 E Golf Rd Schaumburg IL 60173 USA 847-619-0095
-87.798214,42.080283,Trader Joe's; #681,1407 Waukegan Rd Glenview IL 60025 USA 847-657-7821
-87.948055,42.255321,Trader Joe's; #704,1600 S Milwaukee Ave Libertyville IL 60048 USA 847-680-1739
-87.680084,42.039944,Trader Joe's; #702,1211 Chicago Ave Evanston IL 60202 USA 847-733-0690
-88.335798,42.151891,Trader Joe's; #699,1800 S. Randall Rd Algonquin IL 60102 USA 847-854-4886
-84.250038,30.503628,Trader Joe's; #763,3425 Thomasville Rd Tallahassee FL 32309 USA 850-894-2538
-74.923558,39.888217,Trader Joe's; #631,300 P Rte 73 S Marlton NJ 08053 USA 856-988-3323
-117.233558,32.865581,Trader Joe's; #020,8657 Villa La Jolla Dr La Jolla CA 92037 USA 858-546-8629
-117.113878,32.913887,Trader Joe's; #221,9850 Hibert St San Diego CA 92131 USA 858-549-9185
-117.240065,32.799984,Trader Joe's; #021,1640 Garnet Ave San Diego CA 92109 USA 858-581-9101
-117.076335,32.982222,Trader Joe's; #023,11955 Carmel Mountain Rd San Diego CA 92128 USA 858-673-0526
-117.190905,32.961381,Trader Joe's; #223,13480 Highlands Pl San Diego CA 92130 USA 858-755-7130
-84.518733,38.005174,Trader Joe's; #626,2320 Nicholasville RD Lexington KY 40503 USA 859-277-0144
-84.51882,38.005111,Trader Joe's; #627,2326 Nicholasville Rd Lexington KY 40503 USA 859-313-5030
-72.760106,41.723334,Trader Joe's; #526,1489 New Britain Ave West Hartfield CT 06110 USA 860-561-4771
-72.559338,41.804941,Trader Joe's; #563,1510 Pleasant Valley Rd Manchester CT 06042 USA 860-644-3182
-82.306951,34.829022,Trader Joe's; #751,59 Woodruff Industrial Ln Greenville SC 29607 USA 864-286-0231
-84.045985,35.925436,Trader Joe's; #663,8001 Kingston Pike Knoxville TN 37919 USA 865-670-4088
-89.801392,35.091076,Trader Joe's; #738,2130 Exeter Rd Germantown TN 38138 USA 901-759-2803
-81.388116,30.25715,Trader Joe's; #760,4180 S 3rd St Jacksonville Beach FL 32250 USA 904-241-1770
-81.63,30.17408,Trader Joe's; #769,11112 San Jose Blvd Jacksonville FL 32223 USA 904-880-0582
-74.350136,40.65197,Trader Joe's; #601,155 Elm St Westfield NJ 07090 USA 908-301-0910
-117.82392,34.106463,Trader Joe's; #028,856 Arrow Hwy San Dimas CA 91773 USA 909-305-4757
-117.575654,34.137417,Trader Joe's; #217,6401 Haven Ave Rancho Cucamonga CA 91737 USA 909-476-1410
-117.721795,34.107222,Trader Joe's; #214,475 W. Foothill Blvd Claremont CA 91711 USA 909-625-8784
-117.732508,34.000375,Trader Joe's; #216,13911 Peyton Dr Chino Hills CA 91709 USA 909-627-1404
-117.182433,34.060109,Trader Joe's; #099,552 Orange Street Plaza Redlands CA 92374 USA 909-798-3888
-77.885994,34.210968,Trader Joe's; #747,1437 S College Rd Wilmington NC 28403 USA 910-395-5173
-94.634589,38.912909,Trader Joe's; #723,4201 West 119th ST Leawood KS 66209 USA 913-327-7209
-73.805919,40.971208,Trader Joe's; #531,727 White Plains Rd Scarsdale NY 10583 USA 914-472-2988
-73.746451,40.937383,Trader Joe's; #532,1260 Boston Post Rd Larchmont NY 10538 USA 914-833-9110
-73.792587,41.024939,Trader Joe's; #533,215 N. Central Ave Hartsdale NY 10530 USA 914-997-1960
-121.444673,38.560827,Trader Joe's; #175,5000 Folsom Blvd Sacramento CA 95819 USA 916-456-1853
-121.399373,38.618137,Trader Joe's; #070,2625 Marconi Ave Sacramento CA 95821 USA 916-481-8797
-121.419915,38.406511,Trader Joe's; #190,9670 Bruceville Rd Elk Grove CA 95757 USA 916-686-9980
-121.274686,38.744137,Trader Joe's; #080,1117 Roseville Square Roseville CA 95678 USA 916-784-9084
-121.158877,38.671252,Trader Joe's; #172,850 East Bidwell Folsom CA 95630 USA 916-817-8820
-121.272377,38.66239,Trader Joe's; #071,5309 Sunrise Blvd Fair Oaks CA 95628 USA 916-863-1744
-95.976288,36.109371,Trader Joe's; #460,3702 S Peoria Ave Tulsa OK 74105 USA 918-712-9768
-78.78293,35.758502,Trader Joe's; #741,1393 Kildaire Farms Rd Cary NC 27511 USA 919-465-5984
-79.02659,35.936518,Trader Joe's; #745,1800 E. Franklin St Chapel Hill NC 27514 USA 919-918-7871
-78.621964,35.823621,Trader Joe's; #746,3000 Wake Forest Rd Raleigh NC 27609 USA 919-981-7422
-121.782253,37.679097,Trader Joe's; #208,1122-A East Stanley Blvd Livermore CA 94550 USA 925-243-1947
-122.126748,37.890862,Trader Joe's; #115,3649 Mt. Diablo Blvd Lafayette CA 94549 USA 925-299-9344
-121.870255,37.699837,Trader Joe's; #066,3903 Santa Rita Rd Pleasanton CA 94588 USA 925-468-0763
-121.7497,37.961486,Trader Joe's; #201,5451 Lone Tree Way Brentwood CA 94513 USA 925-516-3044
-122.024145,37.937471,Trader Joe's; #083,785 Oak Grove Rd Concord CA 94518 USA 925-521-1134
-122.057296,37.979567,Trader Joe's; #060,1150 Concord Ave Concord CA 94520 USA 925-689-2990
-122.002753,37.822917,Trader Joe's; #065,85 Railroad Ave Danville CA 94526 USA 925-838-5757
-118.3641,34.1038,Trader Joe's; #123,1372 So. California Blvd Walnut Creek CA 94596 USA 925-945-1674
-112.405385,34.548978,Trader Joe's; #283,252 Lee Blvd Prescott Prescott AZ 86303 USA 928-443-9075
-84.165339,39.689243,Trader Joe's; #673,328 East Stroop Rd Kettering OH 45429 USA 937-294-5411
-82.530022,27.294762,Trader Joe's; #761,4101 S Tamiami Trail Sarasota FL 34231 USA 941-922-5727
-117.65242,33.459319,Trader Joe's; #016,638 Camino de los Mares San Clemente CA 92673 USA 949-240-9996
-117.696777,33.493354,Trader Joe's; #103,32351 Street of the Golden Lantern Laguna Niguel CA 92677 USA 949-493-8599
-117.831102,33.568603,Trader Joe's; #125,8086 Pacific Coast Hwy Newport Beach CA 92657 USA 949-494-7404
-117.66263,33.496198,Trader Joe's; #249,32151 Camino Capistrano San Juan Capistrano CA 92675 USA 949-496-4150
-117.839455,33.649281,Trader Joe's; #111,4225 Campus Dr Irvine CA 92612 USA 949-509-6138
-117.741519,33.700564,Trader Joe's; #210,6222 Irvine Blvd Irvine CA 92620 USA 949-551-6402
-121.049734,37.686103,Trader Joe's; #009,3250 Dale Rd Modesto CA 95356 USA 949-581-5638
-117.659058,33.592774,Trader Joe's; #126,25410 Marguerite Pkwy Mission Viejo CA 92692 USA 949-581-5638
-117.701585,33.609262,Trader Joe's; #039,24321 Avenida de la Carlota Laguna Hills CA 92653 USA 949-586-8453
-117.925227,33.636337,Trader Joe's; #035,640 West 17th St Costa Mesa CA 92627 USA 949-642-5134
-117.724285,33.57782,Trader Joe's; #195,26541 Aliso Creek Rd Aliso Viejo CA 92656 USA 949-643-5531
-117.787137,33.705656,Trader Joe's; #037,14443 Culver Dr Irvine CA 92604 USA 949-857-8108
-117.595724,33.64227,Trader Joe's; #027,30652 Santa Margarita Pkwy Rancho Santa Margarita CA 92688 USA 949-888-3640
-117.156241,33.527944,Trader Joe's; #102,40665 Winchester Rd Temecula CA 92591 USA 951-296-9964
-117.506022,33.812554,Trader Joe's; #213,2790 Cabot Dr Corona CA 92883 USA 951-603-0299
-117.388164,33.955869,Trader Joe's; #015,6225 Riverside Plaza Riverside CA 92506 USA 951-682-4684
-93.337169,44.934532,Trader Joe's; #710,4500 Excelsior Blvd St. Louis Park MN 55416 USA 952-285-1053
-93.421862,44.972977,Trader Joe's; #714,11220 Wayzata Blvd Minnetonka MN 55305 USA 952-417-9080
-93.332952,44.858776,Trader Joe's; #724,4270 W 78th St Bloomington MN 55435 USA 952-835-8640
-80.308327,26.00765,Trader Joe's; #775,11960 Pines Blvd Pembroke Pines FL 33026 USA 954-432-0405
-80.25118,26.09273,Trader Joe's; #778,2296 S University Dr Davie FL 33324 USA 954-512-2968
-80.119286,26.147276,Trader Joe's; #776,1560 N Federal Hwy Fort Lauderdale FL 33304 USA 954-537-3585
-105.076515,40.541637,Trader Joe's; #304,3500 S College Ave Fort Collins CO 80525 USA 970-223-3560
-122.694974,45.526163,Trader Joe's; #146,2122 N.W. Glisan Portland OR 97210 USA 971-544-0788
-96.801453,32.950497,Trader Joe's; #407,14856 Preston Rd Dallas TX 75254 USA 972-239-3901
-96.794822,33.028548,Trader Joe's; #402,2400 Preston Road Ste 200 Plano TX 75093 USA 972-312-9538
-74.295561,40.723121,Trader Joe's; #609,187 Millburn Ave Millburn NJ 07041 USA 973-218-0912
-74.39206,40.788482,Trader Joe's; #604,176 Columbia Turnpike Florham Park NJ 07932 USA 973-377-0679
-74.241633,40.960698,Trader Joe's; #603,1172 Hamburg Turnpike Wayne NJ 07470 USA 973-692-0050
-74.151928,40.83748,Trader Joe's; #610,259 Allwood Rd Clifton NJ 07012 USA 973-777-5020
-71.415409,42.482653,Trader Joe's; #511,145 Great Rd Acton MA 01720 USA 978-266-8908
-70.954456,42.549758,Trader Joe's; #516,300 Andover St Peabody MA 01960 USA 978-977-5316
-111.758228,33.306615,Trader Joe's; #285,1779 E Williams Field Rd Gilbert AZ 85295 USA Fall 2019
-71.463149,42.990785,Trader Joe's; #562,2 Market St Bedford NH 03110 USA Fall 2019
-118.439928,33.980688,Trader Joe's; #205,4675 Admiralty Way Marina Del Rey CA 90292 USA Spr 2019
